model,accuracy,precision_binary,recall_binary,f1_binary,f1_macro
finetuned_minilm_transformer,0.8430232558139535,0.7692307692307693,0.625,0.6896551724137931,0.7922984033275191
transformer_minilm_logistic_regression,0.7779069767441861,0.5938697318007663,0.6458333333333334,0.6187624750499002,0.7310383335052619
tfidf_logistic_regression,0.7790697674418605,0.6033057851239669,0.6083333333333333,0.6058091286307054,0.7261678922636564
tfidf_complement_naive_bayes,0.7988372093023256,0.7133757961783439,0.4666666666666667,0.5642317380352645,0.7167341607787812
tfidf_linear_svm,0.7744186046511627,0.6008771929824561,0.5708333333333333,0.5854700854700855,0.7152590043963847
