model,accuracy,precision_binary,recall_binary,f1_binary,f1_macro
tfidf_logistic_regression,0.7790697674418605,0.6033057851239669,0.6083333333333333,0.6058091286307054,0.7261678922636564
tfidf_complement_naive_bayes,0.7988372093023256,0.7133757961783439,0.4666666666666667,0.5642317380352645,0.7167341607787812
tfidf_linear_svm,0.7744186046511627,0.6008771929824561,0.5708333333333333,0.5854700854700855,0.7152590043963847
